<?xml version="1.0" encoding="UTF-8" standalone="no" ?>
<ApplicationInstallerManifest>
  <DefaultInstallationDirectory>/Applications/SingleBeatAnalysisApp</DefaultInstallationDirectory>
  <ApplicationName>SingleBeatAnalysisApp</ApplicationName>
  <ExecutableName>application/</ExecutableName>
  <GUID>34668d67-67e1-4862-b76e-81e413f1aed2</GUID>
  <ApplicationIcon>icon_48.png</ApplicationIcon>
  <Logo>temp_default_logo.png</Logo>
  <Version>1.0</Version>
  <InstallationNotes>In the following directions, replace MR/R2025a by the directory on the target machine where MATLAB is installed, or MR by the directory where the MATLAB Runtime is installed.

If the environment variable DYLD_LIBRARY_PATH is undefined, set it to the following string:

MR/R2025a/runtime/maci64:MR/R2025a/sys/os/maci64:MR/R2025a/bin/maci64

If it is defined, set it to the following:

${DYLD_LIBRARY_PATH}:MR/R2025a/runtime/maci64:MR/R2025a/sys/os/maci64:MR/R2025a/bin/maci64


</InstallationNotes>
  <WelcomePanelText>SingleBeatAnalysisApp 1.0</WelcomePanelText>
  <MCRProducts>
    <MCRProduct>
      <ExternalProductIdentifier>35000</ExternalProductIdentifier>
    </MCRProduct>
    <MCRProduct>
      <ExternalProductIdentifier>35002</ExternalProductIdentifier>
    </MCRProduct>
    <MCRProduct>
      <ExternalProductIdentifier>35003</ExternalProductIdentifier>
    </MCRProduct>
    <MCRProduct>
      <ExternalProductIdentifier>35010</ExternalProductIdentifier>
    </MCRProduct>
    <MCRProduct>
      <ExternalProductIdentifier>35106</ExternalProductIdentifier>
    </MCRProduct>
    <MCRProduct>
      <ExternalProductIdentifier>35108</ExternalProductIdentifier>
    </MCRProduct>
    <MCRProduct>
      <ExternalProductIdentifier>35117</ExternalProductIdentifier>
    </MCRProduct>
    <MCRProduct>
      <ExternalProductIdentifier>35119</ExternalProductIdentifier>
    </MCRProduct>
    <MCRProduct>
      <ExternalProductIdentifier>35124</ExternalProductIdentifier>
    </MCRProduct>
  </MCRProducts>
</ApplicationInstallerManifest>
